ID,商品名,JANコード,購入場所,効果,価格,商品カテゴリー,容量,ブランド
１,ホワイトニングエッセンス,9784802611848,ドラッグストア,美白,5000円,美容液,50ml,資生堂HAKU
２,ブライトニングエッセンス,492345678901,ドラッグストア,美白,5000円,美容液,50ml,花王
３,ホワイトコンクルージョン,493456789012,訪問販売,美白,12000円,美容液,30ml,ポーラ
４,ホワイトニングエッセンス,494567890123,百貨店,美白,"8,000円",美容液,50ml,アルビオン
５,イルミネーションエッセンス,495678901234,百貨店,美白,"18,000円",美容液,50ml,ランコム
６,イルミネーションエッセンス,496789012345,百貨店,美白,"20,000円",美容液,50ml,シスレー
７,ホワイトニングスポッツ,497890123456,百貨店,美白,"8,000円",美容液,50ml,RMK
８,ホワイトエッセンス,498901234567,百貨店,美白,"12,000円",美容液,30ml,エスティローダー
９,センシティブホワイトニング,499012345678,百貨店,美白,"7,000円",美容液,30ml,アクセーヌ
